subset,model,sample_id,estimated_cost_usd,thinking_tokens,score_accuracy,run_duration_sec
abstract_algebra,ollama_gpt-oss:20b_think_unspecified,abstract_algebra_42,17.413439221,862,1.0,
abstract_algebra,ollama_gpt-oss:20b_think_unspecified,abstract_algebra_91,46.084851577,286,1.0,
abstract_algebra,ollama_gpt-oss:20b_think_unspecified,abstract_algebra_41,93.415422328,691,1.0,
abstract_algebra,ollama_gpt-oss:20b_think_unspecified,abstract_algebra_9,156.06492130700002,350,1.0,
abstract_algebra,ollama_gpt-oss:20b_think_unspecified,abstract_algebra_65,192.81529430400002,328,1.0,
abstract_algebra,ollama_gpt-oss:20b_think_unspecified,abstract_algebra_50,209.87058961500003,173,1.0,
abstract_algebra,ollama_gpt-oss:20b_think_unspecified,abstract_algebra_1,205.679667061,459,1.0,
abstract_algebra,ollama_gpt-oss:20b_think_unspecified,abstract_algebra_70,179.429617706,174,1.0,
abstract_algebra,ollama_gpt-oss:20b_think_unspecified,abstract_algebra_15,156.99474647599996,292,1.0,
abstract_algebra,ollama_gpt-oss:20b_think_unspecified,abstract_algebra_78,154.59052626199997,377,1.0,
abstract_algebra,ollama_gpt-oss:20b_think_unspecified,abstract_algebra_73,144.22935962499997,43,1.0,
abstract_algebra,ollama_gpt-oss:20b_think_unspecified,abstract_algebra_10,149.86806804499997,790,1.0,
abstract_algebra,ollama_gpt-oss:20b_think_unspecified,abstract_algebra_55,162.46106097400002,224,1.0,
abstract_algebra,ollama_gpt-oss:20b_think_unspecified,abstract_algebra_56,165.259515858,681,1.0,
abstract_algebra,ollama_gpt-oss:20b_think_unspecified,abstract_algebra_72,178.382591699,57,1.0,
abstract_algebra,ollama_gpt-oss:20b_think_unspecified,abstract_algebra_45,166.943599178,150,1.0,
abstract_algebra,ollama_gpt-oss:20b_think_unspecified,abstract_algebra_48,150.55140756999992,212,1.0,
abstract_algebra,ollama_gpt-oss:20b_think_unspecified,abstract_algebra_92,122.76322037,359,1.0,
abstract_algebra,ollama_gpt-oss:20b_think_unspecified,abstract_algebra_76,94.457352517,198,1.0,
abstract_algebra,ollama_gpt-oss:20b_think_unspecified,abstract_algebra_37,84.16605827700005,214,1.0,
abstract_algebra,ollama_gpt-oss:20b_think_unspecified,abstract_algebra_30,79.68977011000015,299,1.0,
abstract_algebra,ollama_gpt-oss:20b_think_unspecified,abstract_algebra_21,84.76288820500008,98,1.0,
abstract_algebra,ollama_gpt-oss:20b_think_unspecified,abstract_algebra_32,89.21471308200012,140,1.0,
abstract_algebra,ollama_gpt-oss:20b_think_unspecified,abstract_algebra_96,89.35224609000011,48,1.0,
abstract_algebra,ollama_gpt-oss:20b_think_unspecified,abstract_algebra_80,89.3415172230001,432,1.0,
abstract_algebra,ollama_gpt-oss:20b_think_unspecified,abstract_algebra_49,100.05894678400011,474,1.0,
abstract_algebra,ollama_gpt-oss:20b_think_unspecified,abstract_algebra_83,119.2027776330001,399,1.0,
abstract_algebra,ollama_gpt-oss:20b_think_unspecified,abstract_algebra_26,140.07171683500007,189,1.0,
abstract_algebra,ollama_gpt-oss:20b_think_unspecified,abstract_algebra_87,151.12852389500006,78,1.0,
abstract_algebra,ollama_gpt-oss:20b_think_unspecified,abstract_algebra_33,143.65118419600014,397,1.0,
abstract_algebra,ollama_gpt-oss:20b_think_unspecified,abstract_algebra_8,135.34461630900012,275,1.0,
abstract_algebra,ollama_gpt-oss:20b_think_unspecified,abstract_algebra_47,138.31678554799998,414,1.0,
abstract_algebra,ollama_gpt-oss:20b_think_unspecified,abstract_algebra_59,156.07248658100002,536,1.0,
abstract_algebra,ollama_gpt-oss:20b_think_unspecified,abstract_algebra_63,183.2395919789999,393,1.0,
abstract_algebra,ollama_gpt-oss:20b_think_unspecified,abstract_algebra_74,191.76627382699985,210,1.0,
abstract_algebra,ollama_gpt-oss:20b_think_unspecified,abstract_algebra_44,181.68755542300005,224,1.0,
abstract_algebra,ollama_gpt-oss:20b_think_unspecified,abstract_algebra_98,160.109671167,162,1.0,
abstract_algebra,ollama_gpt-oss:20b_think_unspecified,abstract_algebra_52,132.45205790399996,139,1.0,
abstract_algebra,ollama_gpt-oss:20b_think_unspecified,abstract_algebra_85,122.44536182399997,311,1.0,
abstract_algebra,ollama_gpt-oss:20b_think_unspecified,abstract_algebra_12,120.31820697599983,281,1.0,
abstract_algebra,ollama_gpt-oss:20b_think_unspecified,abstract_algebra_36,120.07827447299974,112,1.0,
abstract_algebra,ollama_gpt-oss:20b_think_unspecified,abstract_algebra_23,121.48007590099974,131,1.0,
abstract_algebra,ollama_gpt-oss:20b_think_unspecified,abstract_algebra_39,112.39551600499976,199,1.0,
abstract_algebra,ollama_gpt-oss:20b_think_unspecified,abstract_algebra_40,97.82288611099989,58,1.0,
abstract_algebra,ollama_gpt-oss:20b_think_unspecified,abstract_algebra_18,83.38137958399989,289,1.0,
abstract_algebra,ollama_gpt-oss:20b_think_unspecified,abstract_algebra_66,70.96849454599987,136,1.0,
abstract_algebra,ollama_gpt-oss:20b_think_unspecified,abstract_algebra_61,67.52773578799997,338,1.0,
abstract_algebra,ollama_gpt-oss:20b_think_unspecified,abstract_algebra_60,78.8635320259998,826,1.0,
abstract_algebra,ollama_gpt-oss:20b_think_unspecified,abstract_algebra_7,95.48424121099993,425,0.0,
abstract_algebra,ollama_gpt-oss:20b_think_unspecified,abstract_algebra_34,122.14053027799991,735,0.0,
college_chemistry,ollama_gpt-oss:20b_think_unspecified,college_chemistry_41,31.605344806999938,1572,1.0,
college_chemistry,ollama_gpt-oss:20b_think_unspecified,college_chemistry_42,71.23128326899996,444,1.0,
college_chemistry,ollama_gpt-oss:20b_think_unspecified,college_chemistry_9,118.40525578300003,472,0.0,
college_chemistry,ollama_gpt-oss:20b_think_unspecified,college_chemistry_91,168.03755282499992,166,1.0,
college_chemistry,ollama_gpt-oss:20b_think_unspecified,college_chemistry_65,163.06992981500002,477,1.0,
college_chemistry,ollama_gpt-oss:20b_think_unspecified,college_chemistry_50,145.4788416419999,118,1.0,
college_chemistry,ollama_gpt-oss:20b_think_unspecified,college_chemistry_1,114.36851917499985,99,1.0,
college_chemistry,ollama_gpt-oss:20b_think_unspecified,college_chemistry_70,82.28527826999994,210,1.0,
college_chemistry,ollama_gpt-oss:20b_think_unspecified,college_chemistry_15,90.690500681,1096,0.0,
college_chemistry,ollama_gpt-oss:20b_think_unspecified,college_chemistry_78,107.2114977990002,275,1.0,
college_chemistry,ollama_gpt-oss:20b_think_unspecified,college_chemistry_73,130.2866678570001,123,1.0,
college_chemistry,ollama_gpt-oss:20b_think_unspecified,college_chemistry_10,157.39562878200013,281,0.0,
college_chemistry,ollama_gpt-oss:20b_think_unspecified,college_chemistry_55,142.83884310400003,138,1.0,
college_chemistry,ollama_gpt-oss:20b_think_unspecified,college_chemistry_56,125.47258798099983,468,1.0,
college_chemistry,ollama_gpt-oss:20b_think_unspecified,college_chemistry_72,131.48188139000013,1441,0.0,
college_chemistry,ollama_gpt-oss:20b_think_unspecified,college_chemistry_45,135.7017572110003,596,0.0,
college_chemistry,ollama_gpt-oss:20b_think_unspecified,college_chemistry_48,171.25914687000022,541,1.0,
college_chemistry,ollama_gpt-oss:20b_think_unspecified,college_chemistry_92,229.19685136100043,1891,0.0,
college_chemistry,ollama_gpt-oss:20b_think_unspecified,college_chemistry_76,242.95736096500013,243,1.0,
college_chemistry,ollama_gpt-oss:20b_think_unspecified,college_chemistry_37,245.9161875069999,172,1.0,
college_chemistry,ollama_gpt-oss:20b_think_unspecified,college_chemistry_30,235.3048009529998,93,1.0,
college_chemistry,ollama_gpt-oss:20b_think_unspecified,college_chemistry_21,178.55420957399974,442,1.0,
college_chemistry,ollama_gpt-oss:20b_think_unspecified,college_chemistry_32,162.86934359999987,1186,1.0,
college_chemistry,ollama_gpt-oss:20b_think_unspecified,college_chemistry_96,153.52223032699976,207,1.0,
college_chemistry,ollama_gpt-oss:20b_think_unspecified,college_chemistry_80,150.17293865800002,134,0.0,
college_chemistry,ollama_gpt-oss:20b_think_unspecified,college_chemistry_49,167.0280043560001,67,1.0,
college_chemistry,ollama_gpt-oss:20b_think_unspecified,college_chemistry_83,152.53842892000011,981,1.0,
college_chemistry,ollama_gpt-oss:20b_think_unspecified,college_chemistry_26,152.5738277080004,1358,1.0,
college_chemistry,ollama_gpt-oss:20b_think_unspecified,college_chemistry_87,153.19408952700041,166,1.0,
college_chemistry,ollama_gpt-oss:20b_think_unspecified,college_chemistry_33,163.58031051800026,865,1.0,
college_chemistry,ollama_gpt-oss:20b_think_unspecified,college_chemistry_8,191.90378572400004,989,1.0,
college_chemistry,ollama_gpt-oss:20b_think_unspecified,college_chemistry_47,198.30645479999976,193,0.0,
college_chemistry,ollama_gpt-oss:20b_think_unspecified,college_chemistry_59,214.3312795619995,395,1.0,
college_chemistry,ollama_gpt-oss:20b_think_unspecified,college_chemistry_63,214.57106673699946,70,1.0,
college_chemistry,ollama_gpt-oss:20b_think_unspecified,college_chemistry_74,186.34678652099956,112,1.0,
college_chemistry,ollama_gpt-oss:20b_think_unspecified,college_chemistry_44,158.7467365839998,69,1.0,
college_chemistry,ollama_gpt-oss:20b_think_unspecified,college_chemistry_98,115.36862073299972,264,0.0,
college_chemistry,ollama_gpt-oss:20b_think_unspecified,college_chemistry_52,84.17352893199995,184,0.0,
college_chemistry,ollama_gpt-oss:20b_think_unspecified,college_chemistry_85,97.849032051,772,0.0,
college_chemistry,ollama_gpt-oss:20b_think_unspecified,college_chemistry_12,136.6362430969998,1198,0.0,
college_chemistry,ollama_gpt-oss:20b_think_unspecified,college_chemistry_36,195.76243471299995,467,1.0,
college_chemistry,ollama_gpt-oss:20b_think_unspecified,college_chemistry_23,317.68699111099977,4405,0.0,
college_chemistry,ollama_gpt-oss:20b_think_unspecified,college_chemistry_39,393.45139385899984,132,1.0,
college_chemistry,ollama_gpt-oss:20b_think_unspecified,college_chemistry_40,434.4879223170001,200,1.0,
college_chemistry,ollama_gpt-oss:20b_think_unspecified,college_chemistry_18,448.5564189890001,301,0.0,
college_chemistry,ollama_gpt-oss:20b_think_unspecified,college_chemistry_66,328.48454329800006,124,1.0,
college_chemistry,ollama_gpt-oss:20b_think_unspecified,college_chemistry_61,245.92251494999982,396,0.0,
college_chemistry,ollama_gpt-oss:20b_think_unspecified,college_chemistry_60,248.78906106999966,3888,0.0,
college_chemistry,ollama_gpt-oss:20b_think_unspecified,college_chemistry_7,257.2683560639998,85,1.0,
college_chemistry,ollama_gpt-oss:20b_think_unspecified,college_chemistry_34,390.39371050900036,2689,1.0,
college_mathematics,ollama_gpt-oss:20b_think_unspecified,college_mathematics_9,5.022116160000223,293,1.0,
college_mathematics,ollama_gpt-oss:20b_think_unspecified,college_mathematics_41,22.70995510300054,431,1.0,
college_mathematics,ollama_gpt-oss:20b_think_unspecified,college_mathematics_42,58.46250671400048,847,1.0,
college_mathematics,ollama_gpt-oss:20b_think_unspecified,college_mathematics_91,139.2534309850007,2268,1.0,
college_mathematics,ollama_gpt-oss:20b_think_unspecified,college_mathematics_65,228.89287931200033,526,1.0,
college_mathematics,ollama_gpt-oss:20b_think_unspecified,college_mathematics_50,304.88629735700033,430,1.0,
college_mathematics,ollama_gpt-oss:20b_think_unspecified,college_mathematics_1,360.0404453740002,383,0.0,
college_mathematics,ollama_gpt-oss:20b_think_unspecified,college_mathematics_70,348.7390389530001,1026,0.0,
college_mathematics,ollama_gpt-oss:20b_think_unspecified,college_mathematics_15,323.64481648400033,1086,1.0,
college_mathematics,ollama_gpt-oss:20b_think_unspecified,college_mathematics_78,298.3055925409999,247,1.0,
college_mathematics,ollama_gpt-oss:20b_think_unspecified,college_mathematics_73,278.9374859290001,539,1.0,
college_mathematics,ollama_gpt-oss:20b_think_unspecified,college_mathematics_10,260.0033069430001,47,1.0,
college_mathematics,ollama_gpt-oss:20b_think_unspecified,college_mathematics_55,225.24879001800036,106,1.0,
college_mathematics,ollama_gpt-oss:20b_think_unspecified,college_mathematics_56,193.82306866200088,402,1.0,
college_mathematics,ollama_gpt-oss:20b_think_unspecified,college_mathematics_72,147.04863052700057,163,0.0,
college_mathematics,ollama_gpt-oss:20b_think_unspecified,college_mathematics_45,126.89441639600045,386,1.0,
college_mathematics,ollama_gpt-oss:20b_think_unspecified,college_mathematics_48,129.70837546799976,452,1.0,
college_mathematics,ollama_gpt-oss:20b_think_unspecified,college_mathematics_92,129.32510498899956,247,1.0,
college_mathematics,ollama_gpt-oss:20b_think_unspecified,college_mathematics_76,149.1936737320002,779,1.0,
college_mathematics,ollama_gpt-oss:20b_think_unspecified,college_mathematics_37,161.03766447599992,139,1.0,
college_mathematics,ollama_gpt-oss:20b_think_unspecified,college_mathematics_30,171.4594768349998,925,1.0,
college_mathematics,ollama_gpt-oss:20b_think_unspecified,college_mathematics_21,193.25960418999966,729,1.0,
college_mathematics,ollama_gpt-oss:20b_think_unspecified,college_mathematics_32,198.63854722799897,218,1.0,
college_mathematics,ollama_gpt-oss:20b_think_unspecified,college_mathematics_96,272.67698490399926,5084,0.0,
college_mathematics,ollama_gpt-oss:20b_think_unspecified,college_mathematics_80,331.48468637899987,174,1.0,
college_mathematics,ollama_gpt-oss:20b_think_unspecified,college_mathematics_49,392.52089510599944,1801,1.0,
college_mathematics,ollama_gpt-oss:20b_think_unspecified,college_mathematics_83,470.72183887899973,693,1.0,
college_mathematics,ollama_gpt-oss:20b_think_unspecified,college_mathematics_26,472.1260675610001,2352,1.0,
college_mathematics,ollama_gpt-oss:20b_think_unspecified,college_mathematics_87,524.4875000820002,1785,1.0,
college_mathematics,ollama_gpt-oss:20b_think_unspecified,college_mathematics_33,538.5648712930006,328,1.0,
college_mathematics,ollama_gpt-oss:20b_think_unspecified,college_mathematics_8,535.9725982790005,179,1.0,
college_mathematics,ollama_gpt-oss:20b_think_unspecified,college_mathematics_47,487.67842532299983,191,1.0,
college_mathematics,ollama_gpt-oss:20b_think_unspecified,college_mathematics_59,354.4681493469998,72,1.0,
college_mathematics,ollama_gpt-oss:20b_think_unspecified,college_mathematics_63,247.1838865109994,213,1.0,
college_mathematics,ollama_gpt-oss:20b_think_unspecified,college_mathematics_74,153.95748100899982,265,1.0,
college_mathematics,ollama_gpt-oss:20b_think_unspecified,college_mathematics_44,114.72020885500024,61,1.0,
college_mathematics,ollama_gpt-oss:20b_think_unspecified,college_mathematics_98,124.50078759600001,211,1.0,
college_mathematics,ollama_gpt-oss:20b_think_unspecified,college_mathematics_52,131.28077887400013,250,1.0,
college_mathematics,ollama_gpt-oss:20b_think_unspecified,college_mathematics_85,176.93310659500003,3161,0.0,
college_mathematics,ollama_gpt-oss:20b_think_unspecified,college_mathematics_12,226.5736599189995,222,1.0,
college_mathematics,ollama_gpt-oss:20b_think_unspecified,college_mathematics_36,263.71172845099954,72,1.0,
college_mathematics,ollama_gpt-oss:20b_think_unspecified,college_mathematics_23,306.2376961,254,1.0,
college_mathematics,ollama_gpt-oss:20b_think_unspecified,college_mathematics_39,293.05286027999955,2383,1.0,
college_mathematics,ollama_gpt-oss:20b_think_unspecified,college_mathematics_40,281.4744859379998,404,1.0,
college_mathematics,ollama_gpt-oss:20b_think_unspecified,college_mathematics_18,345.5557602660001,4038,0.0,
college_mathematics,ollama_gpt-oss:20b_think_unspecified,college_mathematics_66,416.5638514120001,491,1.0,
college_mathematics,ollama_gpt-oss:20b_think_unspecified,college_mathematics_61,457.3596833299998,353,1.0,
college_mathematics,ollama_gpt-oss:20b_think_unspecified,college_mathematics_60,495.3953210569998,199,1.0,
college_mathematics,ollama_gpt-oss:20b_think_unspecified,college_mathematics_7,412.0959496989999,666,1.0,
college_mathematics,ollama_gpt-oss:20b_think_unspecified,college_mathematics_34,312.0452512040001,326,1.0,
college_physics,ollama_gpt-oss:20b_think_unspecified,college_physics_41,32.956758555000306,1352,1.0,
college_physics,ollama_gpt-oss:20b_think_unspecified,college_physics_78,80.78554811100003,610,1.0,
college_physics,ollama_gpt-oss:20b_think_unspecified,college_physics_82,131.45693642399965,64,1.0,
college_physics,ollama_gpt-oss:20b_think_unspecified,college_physics_9,189.04178407899963,166,1.0,
college_physics,ollama_gpt-oss:20b_think_unspecified,college_physics_67,188.59362996899927,300,1.0,
college_physics,ollama_gpt-oss:20b_think_unspecified,college_physics_47,176.3319597789996,466,1.0,
college_physics,ollama_gpt-oss:20b_think_unspecified,college_physics_1,176.72888649000015,701,1.0,
college_physics,ollama_gpt-oss:20b_think_unspecified,college_physics_72,169.83677078399978,161,1.0,
college_physics,ollama_gpt-oss:20b_think_unspecified,college_physics_15,181.1676014959994,51,1.0,
college_physics,ollama_gpt-oss:20b_think_unspecified,college_physics_80,199.7010793769996,1285,1.0,
college_physics,ollama_gpt-oss:20b_think_unspecified,college_physics_58,191.92053003199908,83,1.0,
college_physics,ollama_gpt-oss:20b_think_unspecified,college_physics_10,180.03387550199932,83,1.0,
college_physics,ollama_gpt-oss:20b_think_unspecified,college_physics_45,180.28783102600028,130,1.0,
college_physics,ollama_gpt-oss:20b_think_unspecified,college_physics_33,147.71510546300033,146,1.0,
college_physics,ollama_gpt-oss:20b_think_unspecified,college_physics_56,124.49539292700138,182,1.0,
college_physics,ollama_gpt-oss:20b_think_unspecified,college_physics_37,106.31576695400145,99,1.0,
college_physics,ollama_gpt-oss:20b_think_unspecified,college_physics_50,82.0248612860014,173,1.0,
college_physics,ollama_gpt-oss:20b_think_unspecified,college_physics_32,81.14372341200033,79,1.0,
college_physics,ollama_gpt-oss:20b_think_unspecified,college_physics_66,81.56699704499988,71,1.0,
college_physics,ollama_gpt-oss:20b_think_unspecified,college_physics_44,86.05620619799993,252,1.0,
college_physics,ollama_gpt-oss:20b_think_unspecified,college_physics_30,88.25685252499898,58,0.0,
college_physics,ollama_gpt-oss:20b_think_unspecified,college_physics_65,84.31244693199915,51,1.0,
college_physics,ollama_gpt-oss:20b_think_unspecified,college_physics_8,77.1629902529985,104,1.0,
college_physics,ollama_gpt-oss:20b_think_unspecified,college_physics_21,74.31780747299854,667,1.0,
college_physics,ollama_gpt-oss:20b_think_unspecified,college_physics_55,76.78136806899965,185,1.0,
college_physics,ollama_gpt-oss:20b_think_unspecified,college_physics_96,92.79497925900068,193,1.0,
college_physics,ollama_gpt-oss:20b_think_unspecified,college_physics_89,120.2097635220016,307,1.0,
college_physics,ollama_gpt-oss:20b_think_unspecified,college_physics_42,135.86249408700132,365,1.0,
college_physics,ollama_gpt-oss:20b_think_unspecified,college_physics_63,148.2899913550009,57,1.0,
college_physics,ollama_gpt-oss:20b_think_unspecified,college_physics_26,162.0501813640003,919,1.0,
college_physics,ollama_gpt-oss:20b_think_unspecified,college_physics_79,176.353797451,394,1.0,
college_physics,ollama_gpt-oss:20b_think_unspecified,college_physics_52,182.8952958179998,66,1.0,
college_physics,ollama_gpt-oss:20b_think_unspecified,college_physics_98,202.7724179050001,386,1.0,
college_physics,ollama_gpt-oss:20b_think_unspecified,college_physics_49,200.69284296700062,104,1.0,
college_physics,ollama_gpt-oss:20b_think_unspecified,college_physics_61,173.87404733200128,213,1.0,
college_physics,ollama_gpt-oss:20b_think_unspecified,college_physics_74,159.43962625300264,85,1.0,
college_physics,ollama_gpt-oss:20b_think_unspecified,college_physics_48,127.89125350500217,240,1.0,
college_physics,ollama_gpt-oss:20b_think_unspecified,college_physics_76,111.9714290990014,406,1.0,
college_physics,ollama_gpt-oss:20b_think_unspecified,college_physics_100,120.66210285899979,219,1.0,
college_physics,ollama_gpt-oss:20b_think_unspecified,college_physics_59,126.77321980899978,180,1.0,
college_physics,ollama_gpt-oss:20b_think_unspecified,college_physics_87,133.18607511299888,155,1.0,
college_physics,ollama_gpt-oss:20b_think_unspecified,college_physics_12,128.29121371099973,67,1.0,
college_physics,ollama_gpt-oss:20b_think_unspecified,college_physics_36,106.89865046500017,131,1.0,
college_physics,ollama_gpt-oss:20b_think_unspecified,college_physics_23,90.91076843799965,214,1.0,
college_physics,ollama_gpt-oss:20b_think_unspecified,college_physics_39,90.56104349900124,1108,0.0,
college_physics,ollama_gpt-oss:20b_think_unspecified,college_physics_40,99.3856101320016,69,1.0,
college_physics,ollama_gpt-oss:20b_think_unspecified,college_physics_18,119.99518885800171,200,1.0,
college_physics,ollama_gpt-oss:20b_think_unspecified,college_physics_68,133.73228152200136,163,1.0,
college_physics,ollama_gpt-oss:20b_think_unspecified,college_physics_5,124.85046375900129,195,1.0,
college_physics,ollama_gpt-oss:20b_think_unspecified,college_physics_62,116.83899688800011,208,1.0,
conceptual_physics,ollama_gpt-oss:20b_think_unspecified,conceptual_physics_146,4.091459899000256,178,1.0,
conceptual_physics,ollama_gpt-oss:20b_think_unspecified,conceptual_physics_144,9.399155560000509,71,1.0,
conceptual_physics,ollama_gpt-oss:20b_think_unspecified,conceptual_physics_195,16.497093437999865,112,1.0,
conceptual_physics,ollama_gpt-oss:20b_think_unspecified,conceptual_physics_9,25.026929697000014,93,1.0,
conceptual_physics,ollama_gpt-oss:20b_think_unspecified,conceptual_physics_52,33.53230587500002,628,1.0,
conceptual_physics,ollama_gpt-oss:20b_think_unspecified,conceptual_physics_185,43.45007544799955,197,1.0,
conceptual_physics,ollama_gpt-oss:20b_think_unspecified,conceptual_physics_204,52.01231544499933,42,1.0,
conceptual_physics,ollama_gpt-oss:20b_think_unspecified,conceptual_physics_81,64.6659215289983,213,1.0,
conceptual_physics,ollama_gpt-oss:20b_think_unspecified,conceptual_physics_197,67.91726674699748,182,0.0,
conceptual_physics,ollama_gpt-oss:20b_think_unspecified,conceptual_physics_186,70.71456008199857,226,1.0,
conceptual_physics,ollama_gpt-oss:20b_think_unspecified,conceptual_physics_172,72.96182582099937,125,1.0,
conceptual_physics,ollama_gpt-oss:20b_think_unspecified,conceptual_physics_29,65.13766389500051,172,0.0,
conceptual_physics,ollama_gpt-oss:20b_think_unspecified,conceptual_physics_113,61.696979114001806,124,1.0,
conceptual_physics,ollama_gpt-oss:20b_think_unspecified,conceptual_physics_110,52.01858374300173,147,1.0,
conceptual_physics,ollama_gpt-oss:20b_think_unspecified,conceptual_physics_171,41.6239299580011,18,1.0,
conceptual_physics,ollama_gpt-oss:20b_think_unspecified,conceptual_physics_223,37.94627798300098,318,1.0,
conceptual_physics,ollama_gpt-oss:20b_think_unspecified,conceptual_physics_159,36.048585054000796,146,1.0,
conceptual_physics,ollama_gpt-oss:20b_think_unspecified,conceptual_physics_112,40.706594960000075,322,1.0,
conceptual_physics,ollama_gpt-oss:20b_think_unspecified,conceptual_physics_152,46.534496948001106,97,0.0,
conceptual_physics,ollama_gpt-oss:20b_think_unspecified,conceptual_physics_111,47.713283398001295,160,1.0,
conceptual_physics,ollama_gpt-oss:20b_think_unspecified,conceptual_physics_192,46.634066352000445,102,1.0,
conceptual_physics,ollama_gpt-oss:20b_think_unspecified,conceptual_physics_2,44.31204888799948,323,1.0,
conceptual_physics,ollama_gpt-oss:20b_think_unspecified,conceptual_physics_60,43.22231180399831,245,1.0,
conceptual_physics,ollama_gpt-oss:20b_think_unspecified,conceptual_physics_61,45.82470213799752,96,1.0,
conceptual_physics,ollama_gpt-oss:20b_think_unspecified,conceptual_physics_228,50.10589270299715,122,1.0,
conceptual_physics,ollama_gpt-oss:20b_think_unspecified,conceptual_physics_78,52.73788837399843,327,1.0,
conceptual_physics,ollama_gpt-oss:20b_think_unspecified,conceptual_physics_123,52.655243574999986,46,1.0,
conceptual_physics,ollama_gpt-oss:20b_think_unspecified,conceptual_physics_84,52.46120104900001,114,1.0,
conceptual_physics,ollama_gpt-oss:20b_think_unspecified,conceptual_physics_109,65.09885664400099,1258,1.0,
conceptual_physics,ollama_gpt-oss:20b_think_unspecified,conceptual_physics_66,75.46011286199973,123,1.0,
conceptual_physics,ollama_gpt-oss:20b_think_unspecified,conceptual_physics_21,87.2099214109985,177,1.0,
conceptual_physics,ollama_gpt-oss:20b_think_unspecified,conceptual_physics_145,97.59867307799868,316,0.0,
conceptual_physics,ollama_gpt-oss:20b_think_unspecified,conceptual_physics_104,85.23576356799822,190,1.0,
conceptual_physics,ollama_gpt-oss:20b_think_unspecified,conceptual_physics_12,76.11300520899931,142,1.0,
conceptual_physics,ollama_gpt-oss:20b_think_unspecified,conceptual_physics_45,68.13210899499973,98,1.0,
conceptual_physics,ollama_gpt-oss:20b_think_unspecified,conceptual_physics_72,58.35291527300069,103,1.0,
conceptual_physics,ollama_gpt-oss:20b_think_unspecified,conceptual_physics_27,55.10768590900079,131,1.0,
conceptual_physics,ollama_gpt-oss:20b_think_unspecified,conceptual_physics_120,49.36087609400056,63,1.0,
conceptual_physics,ollama_gpt-oss:20b_think_unspecified,conceptual_physics_135,41.34622867000144,224,1.0,
conceptual_physics,ollama_gpt-oss:20b_think_unspecified,conceptual_physics_10,42.746827737000785,784,1.0,
conceptual_physics,ollama_gpt-oss:20b_think_unspecified,conceptual_physics_227,48.10279166800137,223,1.0,
conceptual_physics,ollama_gpt-oss:20b_think_unspecified,conceptual_physics_30,59.70765302100153,307,1.0,
conceptual_physics,ollama_gpt-oss:20b_think_unspecified,conceptual_physics_42,71.15044882100119,101,1.0,
conceptual_physics,ollama_gpt-oss:20b_think_unspecified,conceptual_physics_44,69.76181479000115,240,1.0,
conceptual_physics,ollama_gpt-oss:20b_think_unspecified,conceptual_physics_98,76.9483161900007,523,1.0,
conceptual_physics,ollama_gpt-oss:20b_think_unspecified,conceptual_physics_85,76.62939435000044,127,1.0,
conceptual_physics,ollama_gpt-oss:20b_think_unspecified,conceptual_physics_4,77.88901722099945,162,1.0,
conceptual_physics,ollama_gpt-oss:20b_think_unspecified,conceptual_physics_125,82.32084236399896,54,1.0,
conceptual_physics,ollama_gpt-oss:20b_think_unspecified,conceptual_physics_213,66.36656472099821,74,1.0,
conceptual_physics,ollama_gpt-oss:20b_think_unspecified,conceptual_physics_209,57.95638686399798,268,1.0,
elementary_mathematics,ollama_gpt-oss:20b_think_unspecified,elementary_mathematics_53,1.5705281259997719,37,1.0,
elementary_mathematics,ollama_gpt-oss:20b_think_unspecified,elementary_mathematics_208,7.106383239999559,177,1.0,
elementary_mathematics,ollama_gpt-oss:20b_think_unspecified,elementary_mathematics_34,15.524689541998669,56,0.0,
elementary_mathematics,ollama_gpt-oss:20b_think_unspecified,elementary_mathematics_178,27.51733346399851,80,1.0,
elementary_mathematics,ollama_gpt-oss:20b_think_unspecified,elementary_mathematics_358,37.371364586999334,22,1.0,
elementary_mathematics,ollama_gpt-oss:20b_think_unspecified,elementary_mathematics_66,42.14026154400017,60,1.0,
elementary_mathematics,ollama_gpt-oss:20b_think_unspecified,elementary_mathematics_211,43.92915025000184,48,1.0,
elementary_mathematics,ollama_gpt-oss:20b_think_unspecified,elementary_mathematics_257,43.48404369000127,195,1.0,
elementary_mathematics,ollama_gpt-oss:20b_think_unspecified,elementary_mathematics_248,45.29299147100028,121,1.0,
elementary_mathematics,ollama_gpt-oss:20b_think_unspecified,elementary_mathematics_242,54.56090940200011,438,0.0,
elementary_mathematics,ollama_gpt-oss:20b_think_unspecified,elementary_mathematics_91,64.78332532399872,121,1.0,
elementary_mathematics,ollama_gpt-oss:20b_think_unspecified,elementary_mathematics_331,71.16377853999984,77,1.0,
elementary_mathematics,ollama_gpt-oss:20b_think_unspecified,elementary_mathematics_290,76.6949115440002,162,1.0,
elementary_mathematics,ollama_gpt-oss:20b_think_unspecified,elementary_mathematics_251,68.32907401500051,26,1.0,
elementary_mathematics,ollama_gpt-oss:20b_think_unspecified,elementary_mathematics_93,58.21037195700046,46,1.0,
elementary_mathematics,ollama_gpt-oss:20b_think_unspecified,elementary_mathematics_203,49.36788350400093,53,1.0,
elementary_mathematics,ollama_gpt-oss:20b_think_unspecified,elementary_mathematics_221,39.984975030001806,103,1.0,
elementary_mathematics,ollama_gpt-oss:20b_think_unspecified,elementary_mathematics_340,39.02224512900102,44,1.0,
elementary_mathematics,ollama_gpt-oss:20b_think_unspecified,elementary_mathematics_94,37.57862099700105,33,1.0,
elementary_mathematics,ollama_gpt-oss:20b_think_unspecified,elementary_mathematics_89,39.35651821200008,37,1.0,
elementary_mathematics,ollama_gpt-oss:20b_think_unspecified,elementary_mathematics_80,39.45961723699838,46,1.0,
elementary_mathematics,ollama_gpt-oss:20b_think_unspecified,elementary_mathematics_310,38.2026044919985,35,1.0,
elementary_mathematics,ollama_gpt-oss:20b_think_unspecified,elementary_mathematics_231,38.61947994699949,35,1.0,
elementary_mathematics,ollama_gpt-oss:20b_think_unspecified,elementary_mathematics_338,39.77662042599877,156,1.0,
elementary_mathematics,ollama_gpt-oss:20b_think_unspecified,elementary_mathematics_113,41.04896992899921,51,1.0,
elementary_mathematics,ollama_gpt-oss:20b_think_unspecified,elementary_mathematics_278,43.99811137099823,87,1.0,
elementary_mathematics,ollama_gpt-oss:20b_think_unspecified,elementary_mathematics_122,47.81343100799859,33,1.0,
elementary_mathematics,ollama_gpt-oss:20b_think_unspecified,elementary_mathematics_100,45.8370990530002,54,1.0,
elementary_mathematics,ollama_gpt-oss:20b_think_unspecified,elementary_mathematics_347,49.40577318400028,326,1.0,
elementary_mathematics,ollama_gpt-oss:20b_think_unspecified,elementary_mathematics_212,49.932517368000845,34,1.0,
elementary_mathematics,ollama_gpt-oss:20b_think_unspecified,elementary_mathematics_266,47.8216312830009,32,0.0,
elementary_mathematics,ollama_gpt-oss:20b_think_unspecified,elementary_mathematics_329,51.00583297900084,152,1.0,
elementary_mathematics,ollama_gpt-oss:20b_think_unspecified,elementary_mathematics_207,46.65273453800182,75,1.0,
elementary_mathematics,ollama_gpt-oss:20b_think_unspecified,elementary_mathematics_209,44.20244560700303,36,1.0,
elementary_mathematics,ollama_gpt-oss:20b_think_unspecified,elementary_mathematics_217,47.16758821000258,75,1.0,
elementary_mathematics,ollama_gpt-oss:20b_think_unspecified,elementary_mathematics_267,44.79470955800207,32,1.0,
elementary_mathematics,ollama_gpt-oss:20b_think_unspecified,elementary_mathematics_304,45.70276435800224,63,1.0,
elementary_mathematics,ollama_gpt-oss:20b_think_unspecified,elementary_mathematics_127,46.98192785500214,33,1.0,
elementary_mathematics,ollama_gpt-oss:20b_think_unspecified,elementary_mathematics_118,41.38621626100212,42,1.0,
elementary_mathematics,ollama_gpt-oss:20b_think_unspecified,elementary_mathematics_85,38.3791596680021,54,1.0,
elementary_mathematics,ollama_gpt-oss:20b_think_unspecified,elementary_mathematics_72,36.017137028000434,78,1.0,
elementary_mathematics,ollama_gpt-oss:20b_think_unspecified,elementary_mathematics_367,32.89803951799877,28,1.0,
elementary_mathematics,ollama_gpt-oss:20b_think_unspecified,elementary_mathematics_133,35.84934028599855,204,1.0,
elementary_mathematics,ollama_gpt-oss:20b_think_unspecified,elementary_mathematics_191,40.69558623099874,87,1.0,
elementary_mathematics,ollama_gpt-oss:20b_think_unspecified,elementary_mathematics_77,45.24806775599973,79,1.0,
elementary_mathematics,ollama_gpt-oss:20b_think_unspecified,elementary_mathematics_249,52.201987139000266,152,1.0,
elementary_mathematics,ollama_gpt-oss:20b_think_unspecified,elementary_mathematics_123,52.4233400840003,33,1.0,
elementary_mathematics,ollama_gpt-oss:20b_think_unspecified,elementary_mathematics_244,52.273884644000645,104,1.0,
elementary_mathematics,ollama_gpt-oss:20b_think_unspecified,elementary_mathematics_188,51.72724351299985,61,1.0,
elementary_mathematics,ollama_gpt-oss:20b_think_unspecified,elementary_mathematics_26,51.80191116900096,147,1.0,
high_school_chemistry,ollama_gpt-oss:20b_think_unspecified,high_school_chemistry_181,4.626244696000867,168,1.0,
high_school_chemistry,ollama_gpt-oss:20b_think_unspecified,high_school_chemistry_37,16.662202682000498,101,1.0,
high_school_chemistry,ollama_gpt-oss:20b_think_unspecified,high_school_chemistry_60,37.516571002999626,381,1.0,
high_school_chemistry,ollama_gpt-oss:20b_think_unspecified,high_school_chemistry_191,71.1989275169999,438,1.0,
high_school_chemistry,ollama_gpt-oss:20b_think_unspecified,high_school_chemistry_5,107.1348840949995,172,1.0,
high_school_chemistry,ollama_gpt-oss:20b_think_unspecified,high_school_chemistry_104,153.50866996900004,1223,1.0,
high_school_chemistry,ollama_gpt-oss:20b_think_unspecified,high_school_chemistry_198,185.38239207800143,123,1.0,
high_school_chemistry,ollama_gpt-oss:20b_think_unspecified,high_school_chemistry_122,198.34388027300156,375,1.0,
high_school_chemistry,ollama_gpt-oss:20b_think_unspecified,high_school_chemistry_13,212.6826054710018,470,1.0,
high_school_chemistry,ollama_gpt-oss:20b_think_unspecified,high_school_chemistry_194,199.56809548800084,1044,1.0,
high_school_chemistry,ollama_gpt-oss:20b_think_unspecified,high_school_chemistry_155,209.49934083600056,1440,1.0,
high_school_chemistry,ollama_gpt-oss:20b_think_unspecified,high_school_chemistry_66,224.12930608100032,261,1.0,
high_school_chemistry,ollama_gpt-oss:20b_think_unspecified,high_school_chemistry_192,213.9064279079994,135,1.0,
high_school_chemistry,ollama_gpt-oss:20b_think_unspecified,high_school_chemistry_30,205.35250928300047,570,1.0,
high_school_chemistry,ollama_gpt-oss:20b_think_unspecified,high_school_chemistry_52,160.7643864010006,116,0.0,
high_school_chemistry,ollama_gpt-oss:20b_think_unspecified,high_school_chemistry_76,113.46580213699963,88,1.0,
high_school_chemistry,ollama_gpt-oss:20b_think_unspecified,high_school_chemistry_2,83.18587679499979,215,1.0,
high_school_chemistry,ollama_gpt-oss:20b_think_unspecified,high_school_chemistry_161,60.66873070899965,580,1.0,
high_school_chemistry,ollama_gpt-oss:20b_think_unspecified,high_school_chemistry_169,60.78763786899981,106,1.0,
high_school_chemistry,ollama_gpt-oss:20b_think_unspecified,high_school_chemistry_47,88.06255565900028,1425,1.0,
high_school_chemistry,ollama_gpt-oss:20b_think_unspecified,high_school_chemistry_197,119.9745908570003,498,1.0,
high_school_chemistry,ollama_gpt-oss:20b_think_unspecified,high_school_chemistry_164,151.56129773900102,215,1.0,
high_school_chemistry,ollama_gpt-oss:20b_think_unspecified,high_school_chemistry_3,175.63384088900057,48,1.0,
high_school_chemistry,ollama_gpt-oss:20b_think_unspecified,high_school_chemistry_45,156.62626521900165,262,1.0,
high_school_chemistry,ollama_gpt-oss:20b_think_unspecified,high_school_chemistry_15,146.96816211700207,1640,1.0,
high_school_chemistry,ollama_gpt-oss:20b_think_unspecified,high_school_chemistry_85,139.79537725700175,425,1.0,
high_school_chemistry,ollama_gpt-oss:20b_think_unspecified,high_school_chemistry_36,140.0598251850024,304,1.0,
high_school_chemistry,ollama_gpt-oss:20b_think_unspecified,high_school_chemistry_42,172.81464741000127,765,1.0,
high_school_chemistry,ollama_gpt-oss:20b_think_unspecified,high_school_chemistry_149,177.3412346030018,384,1.0,
high_school_chemistry,ollama_gpt-oss:20b_think_unspecified,high_school_chemistry_158,189.6432059100007,598,1.0,
high_school_chemistry,ollama_gpt-oss:20b_think_unspecified,high_school_chemistry_78,197.74246645099993,131,1.0,
high_school_chemistry,ollama_gpt-oss:20b_think_unspecified,high_school_chemistry_44,178.98818230899997,93,0.0,
high_school_chemistry,ollama_gpt-oss:20b_think_unspecified,high_school_chemistry_160,174.50273838999965,304,1.0,
high_school_chemistry,ollama_gpt-oss:20b_think_unspecified,high_school_chemistry_9,144.15951200900054,133,1.0,
high_school_chemistry,ollama_gpt-oss:20b_think_unspecified,high_school_chemistry_12,111.22630284000115,142,1.0,
high_school_chemistry,ollama_gpt-oss:20b_think_unspecified,high_school_chemistry_38,98.23816189900208,543,1.0,
high_school_chemistry,ollama_gpt-oss:20b_think_unspecified,high_school_chemistry_69,98.257257862002,1706,1.0,
high_school_chemistry,ollama_gpt-oss:20b_think_unspecified,high_school_chemistry_84,114.65453817100206,207,1.0,
high_school_chemistry,ollama_gpt-oss:20b_think_unspecified,high_school_chemistry_95,137.81265444900237,403,1.0,
high_school_chemistry,ollama_gpt-oss:20b_think_unspecified,high_school_chemistry_136,156.898460487002,251,1.0,
high_school_chemistry,ollama_gpt-oss:20b_think_unspecified,high_school_chemistry_32,149.438793395002,762,1.0,
high_school_chemistry,ollama_gpt-oss:20b_think_unspecified,high_school_chemistry_61,145.02942375300154,237,1.0,
high_school_chemistry,ollama_gpt-oss:20b_think_unspecified,high_school_chemistry_89,202.04987252400133,4578,0.0,
high_school_chemistry,ollama_gpt-oss:20b_think_unspecified,high_school_chemistry_106,277.6826090530012,1715,0.0,
high_school_chemistry,ollama_gpt-oss:20b_think_unspecified,high_school_chemistry_10,361.7370449280006,72,1.0,
high_school_chemistry,ollama_gpt-oss:20b_think_unspecified,high_school_chemistry_131,441.35125585100104,229,1.0,
high_school_chemistry,ollama_gpt-oss:20b_think_unspecified,high_school_chemistry_115,391.0885154429998,449,1.0,
high_school_chemistry,ollama_gpt-oss:20b_think_unspecified,high_school_chemistry_73,299.7130286390002,151,1.0,
high_school_chemistry,ollama_gpt-oss:20b_think_unspecified,high_school_chemistry_124,216.53197177699985,656,1.0,
high_school_chemistry,ollama_gpt-oss:20b_think_unspecified,high_school_chemistry_111,136.22443387599924,374,1.0,
high_school_mathematics,ollama_gpt-oss:20b_think_unspecified,high_school_mathematics_225,5.250871374000781,83,1.0,
high_school_mathematics,ollama_gpt-oss:20b_think_unspecified,high_school_mathematics_48,17.339235822000774,165,1.0,
high_school_mathematics,ollama_gpt-oss:20b_think_unspecified,high_school_mathematics_138,43.84192016000088,599,1.0,
high_school_mathematics,ollama_gpt-oss:20b_think_unspecified,high_school_mathematics_66,73.12633262800045,35,0.0,
high_school_mathematics,ollama_gpt-oss:20b_think_unspecified,high_school_mathematics_181,136.6854196839995,2657,0.0,
high_school_mathematics,ollama_gpt-oss:20b_think_unspecified,high_school_mathematics_61,190.6259799849995,46,1.0,
high_school_mathematics,ollama_gpt-oss:20b_think_unspecified,high_school_mathematics_121,223.82719756699953,233,1.0,
high_school_mathematics,ollama_gpt-oss:20b_think_unspecified,high_school_mathematics_200,255.78654677600025,66,1.0,
high_school_mathematics,ollama_gpt-oss:20b_think_unspecified,high_school_mathematics_9,242.61683568900116,1295,1.0,
high_school_mathematics,ollama_gpt-oss:20b_think_unspecified,high_school_mathematics_104,247.47782888200163,713,1.0,
high_school_mathematics,ollama_gpt-oss:20b_think_unspecified,high_school_mathematics_211,258.179465215002,164,1.0,
high_school_mathematics,ollama_gpt-oss:20b_think_unspecified,high_school_mathematics_156,277.6643201190018,548,1.0,
high_school_mathematics,ollama_gpt-oss:20b_think_unspecified,high_school_mathematics_5,267.33319497700177,219,0.0,
high_school_mathematics,ollama_gpt-oss:20b_think_unspecified,high_school_mathematics_249,251.90853724000044,1249,0.0,
high_school_mathematics,ollama_gpt-oss:20b_think_unspecified,high_school_mathematics_229,249.4953267689998,486,1.0,
high_school_mathematics,ollama_gpt-oss:20b_think_unspecified,high_school_mathematics_153,236.50260441200044,444,1.0,
high_school_mathematics,ollama_gpt-oss:20b_think_unspecified,high_school_mathematics_226,281.5150018129989,1075,1.0,
high_school_mathematics,ollama_gpt-oss:20b_think_unspecified,high_school_mathematics_95,297.4973844750002,217,1.0,
high_school_mathematics,ollama_gpt-oss:20b_think_unspecified,high_school_mathematics_212,286.9343879759999,196,1.0,
high_school_mathematics,ollama_gpt-oss:20b_think_unspecified,high_school_mathematics_123,265.9935968209993,62,1.0,
high_school_mathematics,ollama_gpt-oss:20b_think_unspecified,high_school_mathematics_248,199.73185486700095,82,1.0,
high_school_mathematics,ollama_gpt-oss:20b_think_unspecified,high_school_mathematics_203,154.25382906900086,307,1.0,
high_school_mathematics,ollama_gpt-oss:20b_think_unspecified,high_school_mathematics_100,119.29837433600187,48,1.0,
high_school_mathematics,ollama_gpt-oss:20b_think_unspecified,high_school_mathematics_267,93.34736011600216,34,1.0,
high_school_mathematics,ollama_gpt-oss:20b_think_unspecified,high_school_mathematics_199,94.0202635930018,285,1.0,
high_school_mathematics,ollama_gpt-oss:20b_think_unspecified,high_school_mathematics_262,83.00398890500219,57,1.0,
high_school_mathematics,ollama_gpt-oss:20b_think_unspecified,high_school_mathematics_6,85.87531578600101,481,1.0,
high_school_mathematics,ollama_gpt-oss:20b_think_unspecified,high_school_mathematics_122,110.65304557899981,857,1.0,
high_school_mathematics,ollama_gpt-oss:20b_think_unspecified,high_school_mathematics_103,129.6208607339995,104,1.0,
high_school_mathematics,ollama_gpt-oss:20b_think_unspecified,high_school_mathematics_263,162.7300107659994,308,1.0,
high_school_mathematics,ollama_gpt-oss:20b_think_unspecified,high_school_mathematics_73,176.73648317600055,63,1.0,
high_school_mathematics,ollama_gpt-oss:20b_think_unspecified,high_school_mathematics_253,152.22625352900104,129,1.0,
high_school_mathematics,ollama_gpt-oss:20b_think_unspecified,high_school_mathematics_168,130.53871984100078,110,1.0,
high_school_mathematics,ollama_gpt-oss:20b_think_unspecified,high_school_mathematics_78,102.13617374000023,270,1.0,
high_school_mathematics,ollama_gpt-oss:20b_think_unspecified,high_school_mathematics_105,80.34565059600027,44,1.0,
high_school_mathematics,ollama_gpt-oss:20b_think_unspecified,high_school_mathematics_215,75.02705470600085,181,1.0,
high_school_mathematics,ollama_gpt-oss:20b_think_unspecified,high_school_mathematics_204,65.86677886500183,69,1.0,
high_school_mathematics,ollama_gpt-oss:20b_think_unspecified,high_school_mathematics_246,61.84846735100109,122,1.0,
high_school_mathematics,ollama_gpt-oss:20b_think_unspecified,high_school_mathematics_32,64.47863300599965,200,1.0,
high_school_mathematics,ollama_gpt-oss:20b_think_unspecified,high_school_mathematics_42,84.90439845199944,878,1.0,
high_school_mathematics,ollama_gpt-oss:20b_think_unspecified,high_school_mathematics_193,116.38738561399805,696,1.0,
high_school_mathematics,ollama_gpt-oss:20b_think_unspecified,high_school_mathematics_89,158.92899524199856,669,1.0,
high_school_mathematics,ollama_gpt-oss:20b_think_unspecified,high_school_mathematics_205,234.96584126499874,1283,1.0,
high_school_mathematics,ollama_gpt-oss:20b_think_unspecified,high_school_mathematics_220,348.31265903499843,2738,0.0,
high_school_mathematics,ollama_gpt-oss:20b_think_unspecified,high_school_mathematics_3,446.44463416899816,106,0.0,
high_school_mathematics,ollama_gpt-oss:20b_think_unspecified,high_school_mathematics_135,524.6605505529988,488,0.0,
high_school_mathematics,ollama_gpt-oss:20b_think_unspecified,high_school_mathematics_45,529.041647263999,285,1.0,
high_school_mathematics,ollama_gpt-oss:20b_think_unspecified,high_school_mathematics_245,454.18218394699943,1656,1.0,
high_school_mathematics,ollama_gpt-oss:20b_think_unspecified,high_school_mathematics_191,388.95606729300016,141,1.0,
high_school_mathematics,ollama_gpt-oss:20b_think_unspecified,high_school_mathematics_65,317.5057263130002,52,0.0,
high_school_physics,ollama_gpt-oss:20b_think_unspecified,high_school_physics_117,7.938666075000583,203,1.0,
high_school_physics,ollama_gpt-oss:20b_think_unspecified,high_school_physics_65,28.78562979600065,386,1.0,
high_school_physics,ollama_gpt-oss:20b_think_unspecified,high_school_physics_98,53.370088273000874,214,0.0,
high_school_physics,ollama_gpt-oss:20b_think_unspecified,high_school_physics_134,81.87245440600054,59,1.0,
high_school_physics,ollama_gpt-oss:20b_think_unspecified,high_school_physics_67,98.86418864900043,231,0.0,
high_school_physics,ollama_gpt-oss:20b_think_unspecified,high_school_physics_38,93.92473578799945,167,1.0,
high_school_physics,ollama_gpt-oss:20b_think_unspecified,high_school_physics_18,90.06279800499942,600,1.0,
high_school_physics,ollama_gpt-oss:20b_think_unspecified,high_school_physics_30,143.61219065300065,3090,1.0,
high_school_physics,ollama_gpt-oss:20b_think_unspecified,high_school_physics_111,221.78186865499993,1822,1.0,
high_school_physics,ollama_gpt-oss:20b_think_unspecified,high_school_physics_101,314.1291621920009,426,0.0,
high_school_physics,ollama_gpt-oss:20b_think_unspecified,high_school_physics_69,397.5304437850009,312,1.0,
high_school_physics,ollama_gpt-oss:20b_think_unspecified,high_school_physics_88,359.17580167900087,162,1.0,
high_school_physics,ollama_gpt-oss:20b_think_unspecified,high_school_physics_0,277.9908557010003,33,1.0,
high_school_physics,ollama_gpt-oss:20b_think_unspecified,high_school_physics_142,189.19403104900084,416,1.0,
high_school_physics,ollama_gpt-oss:20b_think_unspecified,high_school_physics_112,104.50620088700089,150,1.0,
high_school_physics,ollama_gpt-oss:20b_think_unspecified,high_school_physics_42,77.45897576899915,173,1.0,
high_school_physics,ollama_gpt-oss:20b_think_unspecified,high_school_physics_49,70.83451965799941,103,1.0,
high_school_physics,ollama_gpt-oss:20b_think_unspecified,high_school_physics_119,78.80758446999971,455,1.0,
high_school_physics,ollama_gpt-oss:20b_think_unspecified,high_school_physics_131,89.06669348200012,137,1.0,
high_school_physics,ollama_gpt-oss:20b_think_unspecified,high_school_physics_86,105.02059714900133,59,1.0,
high_school_physics,ollama_gpt-oss:20b_think_unspecified,high_school_physics_2,131.35948715700215,705,1.0,
high_school_physics,ollama_gpt-oss:20b_think_unspecified,high_school_physics_122,137.9189657800016,818,1.0,
high_school_physics,ollama_gpt-oss:20b_think_unspecified,high_school_physics_53,139.0800455940007,144,1.0,
high_school_physics,ollama_gpt-oss:20b_think_unspecified,high_school_physics_74,135.5970760529999,171,1.0,
high_school_physics,ollama_gpt-oss:20b_think_unspecified,high_school_physics_110,119.28524750199904,168,1.0,
high_school_physics,ollama_gpt-oss:20b_think_unspecified,high_school_physics_125,104.47011951099921,220,1.0,
high_school_physics,ollama_gpt-oss:20b_think_unspecified,high_school_physics_83,107.90325289300017,1330,0.0,
high_school_physics,ollama_gpt-oss:20b_think_unspecified,high_school_physics_3,135.6481021740001,1655,1.0,
high_school_physics,ollama_gpt-oss:20b_think_unspecified,high_school_physics_39,164.186948913999,75,1.0,
high_school_physics,ollama_gpt-oss:20b_think_unspecified,high_school_physics_128,204.55226596699868,300,1.0,
high_school_physics,ollama_gpt-oss:20b_think_unspecified,high_school_physics_95,218.12191295999946,139,1.0,
high_school_physics,ollama_gpt-oss:20b_think_unspecified,high_school_physics_92,189.7095039650012,118,1.0,
high_school_physics,ollama_gpt-oss:20b_think_unspecified,high_school_physics_147,163.13068014400415,197,1.0,
high_school_physics,ollama_gpt-oss:20b_think_unspecified,high_school_physics_32,123.79789428200456,252,1.0,
high_school_physics,ollama_gpt-oss:20b_think_unspecified,high_school_physics_137,92.39286504800475,137,1.0,
high_school_physics,ollama_gpt-oss:20b_think_unspecified,high_school_physics_14,79.13819383800364,98,1.0,
high_school_physics,ollama_gpt-oss:20b_think_unspecified,high_school_physics_138,76.70742546400288,373,1.0,
high_school_physics,ollama_gpt-oss:20b_think_unspecified,high_school_physics_133,80.47631411800103,49,1.0,
high_school_physics,ollama_gpt-oss:20b_think_unspecified,high_school_physics_127,99.78561765099948,552,0.0,
high_school_physics,ollama_gpt-oss:20b_think_unspecified,high_school_physics_121,119.11801724600082,52,1.0,
high_school_physics,ollama_gpt-oss:20b_think_unspecified,high_school_physics_126,122.42117761199916,191,1.0,
high_school_physics,ollama_gpt-oss:20b_think_unspecified,high_school_physics_82,168.59717253100098,3067,0.0,
high_school_physics,ollama_gpt-oss:20b_think_unspecified,high_school_physics_96,194.5916849000023,231,1.0,
high_school_physics,ollama_gpt-oss:20b_think_unspecified,high_school_physics_91,218.76065077100066,88,1.0,
high_school_physics,ollama_gpt-oss:20b_think_unspecified,high_school_physics_104,275.26595252900006,2102,0.0,
high_school_physics,ollama_gpt-oss:20b_think_unspecified,high_school_physics_132,249.8403193769991,101,1.0,
high_school_physics,ollama_gpt-oss:20b_think_unspecified,high_school_physics_16,234.235806880999,118,1.0,
high_school_physics,ollama_gpt-oss:20b_think_unspecified,high_school_physics_75,225.0000756749978,194,1.0,
high_school_physics,ollama_gpt-oss:20b_think_unspecified,high_school_physics_64,164.4688585849981,440,1.0,
high_school_physics,ollama_gpt-oss:20b_think_unspecified,high_school_physics_52,152.33087473499836,388,1.0,
high_school_statistics,ollama_gpt-oss:20b_think_unspecified,high_school_statistics_79,3.6291109320009127,264,1.0,
high_school_statistics,ollama_gpt-oss:20b_think_unspecified,high_school_statistics_36,18.37289923299977,969,1.0,
high_school_statistics,ollama_gpt-oss:20b_think_unspecified,high_school_statistics_146,40.66710998800045,468,1.0,
high_school_statistics,ollama_gpt-oss:20b_think_unspecified,high_school_statistics_30,67.4075317780007,269,1.0,
high_school_statistics,ollama_gpt-oss:20b_think_unspecified,high_school_statistics_133,91.36885843699929,304,1.0,
high_school_statistics,ollama_gpt-oss:20b_think_unspecified,high_school_statistics_45,127.7791665980003,1673,1.0,
high_school_statistics,ollama_gpt-oss:20b_think_unspecified,high_school_statistics_73,152.4799677339979,178,1.0,
high_school_statistics,ollama_gpt-oss:20b_think_unspecified,high_school_statistics_126,174.75507302299593,90,1.0,
high_school_statistics,ollama_gpt-oss:20b_think_unspecified,high_school_statistics_52,194.884722478997,199,1.0,
high_school_statistics,ollama_gpt-oss:20b_think_unspecified,high_school_statistics_174,160.88018834599643,241,1.0,
high_school_statistics,ollama_gpt-oss:20b_think_unspecified,high_school_statistics_156,132.06133626899828,216,1.0,
high_school_statistics,ollama_gpt-oss:20b_think_unspecified,high_school_statistics_177,97.23375800999929,155,1.0,
high_school_statistics,ollama_gpt-oss:20b_think_unspecified,high_school_statistics_89,65.22420087799765,198,1.0,
high_school_statistics,ollama_gpt-oss:20b_think_unspecified,high_school_statistics_209,64.62079835299664,120,1.0,
high_school_statistics,ollama_gpt-oss:20b_think_unspecified,high_school_statistics_66,64.2298461759965,117,1.0,
high_school_statistics,ollama_gpt-oss:20b_think_unspecified,high_school_statistics_13,71.15511417899688,170,1.0,
high_school_statistics,ollama_gpt-oss:20b_think_unspecified,high_school_statistics_84,75.34483603499757,229,1.0,
high_school_statistics,ollama_gpt-oss:20b_think_unspecified,high_school_statistics_5,78.93261148300007,261,1.0,
high_school_statistics,ollama_gpt-oss:20b_think_unspecified,high_school_statistics_202,85.00029981899934,375,1.0,
high_school_statistics,ollama_gpt-oss:20b_think_unspecified,high_school_statistics_168,85.35570022499815,183,1.0,
high_school_statistics,ollama_gpt-oss:20b_think_unspecified,high_school_statistics_21,87.5334276249996,258,1.0,
high_school_statistics,ollama_gpt-oss:20b_think_unspecified,high_school_statistics_124,92.20861505100038,155,1.0,
high_school_statistics,ollama_gpt-oss:20b_think_unspecified,high_school_statistics_204,91.16769731100067,297,0.0,
high_school_statistics,ollama_gpt-oss:20b_think_unspecified,high_school_statistics_171,90.93890782900053,135,1.0,
high_school_statistics,ollama_gpt-oss:20b_think_unspecified,high_school_statistics_186,88.24700518399914,39,1.0,
high_school_statistics,ollama_gpt-oss:20b_think_unspecified,high_school_statistics_42,77.07404660499742,78,1.0,
high_school_statistics,ollama_gpt-oss:20b_think_unspecified,high_school_statistics_115,99.4553325459965,1813,1.0,
high_school_statistics,ollama_gpt-oss:20b_think_unspecified,high_school_statistics_2,129.01097906899668,503,1.0,
high_school_statistics,ollama_gpt-oss:20b_think_unspecified,high_school_statistics_106,161.1663994929986,208,1.0,
high_school_statistics,ollama_gpt-oss:20b_think_unspecified,high_school_statistics_155,200.1247882719981,55,1.0,
high_school_statistics,ollama_gpt-oss:20b_think_unspecified,high_school_statistics_208,177.0846236840007,151,1.0,
high_school_statistics,ollama_gpt-oss:20b_think_unspecified,high_school_statistics_3,146.56892902600157,372,1.0,
high_school_statistics,ollama_gpt-oss:20b_think_unspecified,high_school_statistics_15,115.85794074899968,85,1.0,
high_school_statistics,ollama_gpt-oss:20b_think_unspecified,high_school_statistics_109,85.30858485900171,311,1.0,
high_school_statistics,ollama_gpt-oss:20b_think_unspecified,high_school_statistics_44,84.30413426800078,607,1.0,
high_school_statistics,ollama_gpt-oss:20b_think_unspecified,high_school_statistics_198,83.3235936730016,149,1.0,
high_school_statistics,ollama_gpt-oss:20b_think_unspecified,high_school_statistics_162,83.41217359400252,101,1.0,
high_school_statistics,ollama_gpt-oss:20b_think_unspecified,high_school_statistics_123,83.98563875699983,161,1.0,
high_school_statistics,ollama_gpt-oss:20b_think_unspecified,high_school_statistics_64,111.06523681199906,1515,1.0,
high_school_statistics,ollama_gpt-oss:20b_think_unspecified,high_school_statistics_47,156.40013523800008,1362,1.0,
high_school_statistics,ollama_gpt-oss:20b_think_unspecified,high_school_statistics_134,201.09995156199875,151,1.0,
high_school_statistics,ollama_gpt-oss:20b_think_unspecified,high_school_statistics_99,243.41839324299872,354,1.0,
high_school_statistics,ollama_gpt-oss:20b_think_unspecified,high_school_statistics_130,238.22070761599753,891,0.0,
high_school_statistics,ollama_gpt-oss:20b_think_unspecified,high_school_statistics_10,199.532356908996,215,1.0,
high_school_statistics,ollama_gpt-oss:20b_think_unspecified,high_school_statistics_170,158.29387475199837,115,1.0,
high_school_statistics,ollama_gpt-oss:20b_think_unspecified,high_school_statistics_9,117.54639341299844,197,1.0,
high_school_statistics,ollama_gpt-oss:20b_think_unspecified,high_school_statistics_12,93.55314957900191,103,1.0,
high_school_statistics,ollama_gpt-oss:20b_think_unspecified,high_school_statistics_38,86.53296254100133,172,0.0,
high_school_statistics,ollama_gpt-oss:20b_think_unspecified,high_school_statistics_138,80.7362500470008,238,1.0,
high_school_statistics,ollama_gpt-oss:20b_think_unspecified,high_school_statistics_140,75.26489888400101,81,1.0,
abstract_algebra,,MEAN,,,0.96,442.38491344451904
college_chemistry,,MEAN,,,0.68,705.6422040462494
college_mathematics,,MEAN,,,0.88,906.6467351913452
college_physics,,MEAN,,,0.96,439.197390794754
conceptual_physics,,MEAN,,,0.92,193.22929000854492
elementary_mathematics,,MEAN,,,0.94,160.3575417995453
high_school_chemistry,,MEAN,,,0.92,545.5912463665009
high_school_mathematics,,MEAN,,,0.84,669.2929480075836
high_school_physics,,MEAN,,,0.86,506.34407472610474
high_school_statistics,,MEAN,,,0.94,373.4329745769501
